name,group,languages,content_id,fails,video,res
24 HORAS,TVE,,cc5ed178702605513cd18b4899c4be954d306cca,,,
Abu Dhabi Sports 4,Otras TV,ar,685ad01b8a951ccd19369ea7d4dc20659c547cfa,0,,
ACETOP-1,Otras TV,,2b0acad014567bbbe0664904af8c001754283eb1,0,h264 1280x720 50.000fps,HD
AMC,Otras TV,,55ff9ee631af351f365f51cf3601695bf1fd20f3,,,
ANTENA 3,TVE,,390b5b0fc49a811c5c5ebd6d195b08a48b1e8496,,,
ANTENA 3,TVE,,f9d2a6d5da8d1f2423a0b6ed0047636a728040e9,,,
ARAGON TV,TVE,,ba4597903f099695e7d6bcc5938f91cb0798006b,,,
Arena Sport 1,Otras TV,,3dc431b867d01ac01aa5660e0b8d2804e5c031bf,0,h264 1920x1080 25.000fps,FHD
ATP Tennis TV,Tenis,en,039fae21c9e7e5214d3d898cba80863e37e623ac,0,h264 1920x1080 59.940fps,FHD
ATP Tennis TV,Tenis,,3254851ab35da4a1f1a00911aa8f0da9b7ca5be7,,,
ATP Tennis TV,Tenis,,71698ee415b6ba3f123aac1c8c37cc97376f20d0,,,
ATP Tennis TV,Tenis,,aa31953b8af44b461102852d5b1247eea95b8050,,,
Auto 24,Motor,ru,7e515477cf191b1e4e33c7151c7cf84925f16780,0,h264 1920x1080 25.000fps,FHD
Auto Plus,Motor,ru,1b8339aca53dac5e7ee443614a15bd47176904a3,0,h264 720x576 25.000fps,SD
Auto Plus,Motor,ru,c3ff9e5243014a19c3cee52159d68fd750eeecb9,0,h264 1920x1080 25.000fps,FHD
AutoMotorSport,Motor,,6f8d0346cc60da2921ed59d21aed005326e403ec,0,h264 1920x1080 25.000fps,FHD
BARCA TV,TVE,,e3362507e7c732b9461bd7bdc74bd054c49b3ba7,,,
BBC,Otras TV,po,68822500e44ec333c33877c9f602ea47a4791106,0,h264 1920x1080 50.000fps,FHD
BBC,Otras TV,,ecdae1aa2e389c8e2cf91ba0f342d4ef3c6946dd,0,h264 854x480 25.000fps,SD
BeIN Sports 1,BeIN Sports,,005a2f40458c51226e03d86fb3100ecbfbcd7c27,0,,
BeIN Sports 1,BeIN Sports,tr,118416583faa3fb4f03800173429b6b844b43a52,0,h264 1920x1080 25.000fps,FHD
BeIN Sports 1,BeIN Sports,,54cbfaf8ad446499aae28ae50b512d95c263f811,,,
BeIN Sports 1,BeIN Sports,,a96a9a6ab8f4f624d66ece9fa566a5620ddd620d,0,,
BeIN Sports 1,BeIN Sports,fr,bba1905fcd1c4975aec544047bf8e4cd23ce3fe0,0,h264 1280x720 25.000fps,HD
BeIN Sports 2,BeIN Sports,,186a997787dcdb76f1b17e4dd5c55910d4847fa7,0,,
BeIN Sports 2,BeIN Sports,tr,48bee10b883f17c7186d60f1e8022dca0ba41a05,0,h264 1280x720 25.000fps,HD
BeIN Sports 2,BeIN Sports,,705e0086f2156e1d76609393666b95a5bd43bebb,,,
BeIN Sports 2,BeIN Sports,fr,edb507e38394d614c9ff55805c9d354ae13210bc,0,h264 1280x720 25.000fps,HD
BeIN Sports 3,BeIN Sports,fr,731bd3336ec0986ff9100efe40dbaf1473a22cf8,0,hevc 1920x1080 50.000fps,FHD
BeIN Sports 3,BeIN Sports,tr,ed81c333815247536edfcdb2755147e8c4144d62,0,h264 1920x1080 25.000fps,FHD
BeIN Sports 4,BeIN Sports,tr,7683cd0cbacf55fa8b39c363219ffba1bc47cf9d,0,h264 1920x1080 25.000fps,FHD
BeIN Sports HABER,BeIN Sports,tr,47c1b3a68d03bd190fed521d144ad08fa0f195f3,0,h264 1920x1080 50.000fps,FHD
Bein Sports MAX 1,BeIN Sports,,ad0859bef437866dfc7fb97252a08a0c0e4f5c9a,,,
Bein Sports MAX 2,BeIN Sports,,fecc49438ac6b303d734464436243d0c6d5a5ff5,,,
beIN SPORTS Ñ,BeIN Sports,,41af6926a6010b68ba2540975761436bb077748f,,,
BeIN Sports XTRA,BeIN Sports,,92a7dcc55392efc6dd5d012c4ff3878891eb6a6e,0,h264 854x480 30.000fps,SD
Belarus 5,Otras TV,ru,3e1f6de8444abb15efeadb97952d6324e5b6ed9f,0,h264 1920x1080 25.000fps,FHD
BeMaD,TVE,,5c267a00f264736c1d47c1cc3e754447ca8f770c,,,
BeMaD,TVE,,6e1b5fd8753352486aa932f802534a17556e1f60,,,
Boxing TV,Lucha/Boxeo,ru,1acaf203502983cd2993c6835bf0cbde8d016c3d,0,h264 1920x1080 25.000fps,FHD
Boxing TV,Lucha/Boxeo,ru,427c27fa7f3dbbcbc59ad9a7ef1cb797e0f88fcd,0,h264 1920x1080 25.000fps,FHD
Canal 1,TVE,,c1ee6e1e0ef5928d8261f855c417de21794f437d,,,
Canal 2,TVE,,8677d339ecddd75165c0015025f598b6215974cf,,,
Canal 24 Horas Catalunya,Otras TV,,2191383ed85d20f5f6759785e14a4aff8a3ab8f4,0,h264 1280x720 25.000fps,HD
CANAL COCINA,TVE,,96f092e1fa99062f6da14cae230b877ad3ed849b,,,
Canal+ Sport,Canal+ Sport,,690e4507176af4d8bffb730c8b76a1ce14f5d10e,0,h264 1920x1080 50.000fps,FHD
Canal+ Sport,Canal+ Sport,po,cc7b8c39f70aa342248d02c8ab55bafdb4116ed7,0,h264 1920x1080 50.000fps,FHD
Canal+ Sport 1,Canal+ Sport,,88726be8ffe9c3f444f6bd986e17b43fa4c056be,0,,
Canal+ Sport 2,Canal+ Sport,po,6390b1ab967a25777ea2dde1d41b7400cc0601d3,0,h264 1920x1080 25.000fps,FHD
Canal+ Sport 2,Canal+ Sport,,fcaeee5dc1e826881c1a517e97f2836e730edf5b,0,,
Canal+ Sport 3,Canal+ Sport,po,3e87464ed8c42ed14464461ea08860a3040a8944,0,h264 1920x1080 25.000fps,FHD
Canal+ Sport 3,Canal+ Sport,,a4c67334b279d4aefa12020962abbe17fde7e16a,0,,
Canal+ Sport 4,Canal+ Sport,po,04448c3ca0b7518819491e468adbabc8a2551bd7,0,h264 1920x1080 25.000fps,FHD
Canal+ Sport 5,Canal+ Sport,po,5f595b1bbade5e7c915d99f90645f4c30d4ba540,0,h264 1920x1080 50.000fps,FHD
Canal1,Otras TV,,87b5e4457dc8fbcab6e9b12bf2dee1c4c7b27314,0,h264 1920x1080 50.000fps,FHD
CAZA Y PESCA,TVE,,277a6fb47189db801c5b7b05ad89c690571f3e9c,,,
CAZA Y PESCA,TVE,,8b9e46eb3a9b4ef23b7d3d86c73a0851580f8caa,,,
COCINA,TVE,,db81615f1b2eebaf584edc252ddd73883123fbb3,,,
Cuatro,TVE,,18f63b299de66029e17dc35e12f6c244e1979a91,,,
Cuatro,TVE,,8670df538a11c6ec97b3f634981ddc4409ca0333,,,
Cuatro,TVE,,8d66979e705a8b532b9243bbc0862c0f1c734ef0,,,
Cuatro,TVE,,e8eec35f4662be1af96963245bfa88fb7d0242c4,,,
DARK,Otras TV,,25465ea2deba65c623b7659136abf6fcc9f5dc20,,,
DAZN 1,DAZN,,1e7f5efc1913efaf7042a9b1a49d1f9adc5bc187,,,
DAZN 1,DAZN,,4141892f5df7d6474bf0279895ce02b7336c9928,,,
DAZN 1,DAZN,,50a8a13c474848d1efbd5586efdb5b6cdd173fa9,,,
DAZN 1,DAZN,,5b776533534b767a84dfda263825ad10f30a8ec7,,,
DAZN 1,DAZN,,6538b79ce0da657d8455d1da6a5f342398899a0e,,,
DAZN 1,DAZN,,688e785893b50acc1d00cb37f15bfc42e72f5ae3,,,
DAZN 1,DAZN,,7ba1f321f4d0791b7ebd42f41a07c1cd1479e784,,,
DAZN 1,DAZN,,897e73c9d578848f596585314ecb9ae067c0e229,,,
DAZN 1,DAZN,,b03f9310155cf3b4eafc1dfba763781abc3ff025,,,
DAZN 1,DAZN,,d5b2c6b940cf3df5e8f9dc6f000f0ea23a10b151,,,
DAZN 1,DAZN,,eb6ffec065b26259ad3d1811e0bbb0a5332ed276,,,
DAZN 1,DAZN,,7cf0086fa7d478f51dbba952865c79e66cb9add5,,,
DAZN 1,DAZN,,35c7f0c966ecde3390f4510bb4caded40018c07a,,,
DAZN 1 BAR ,DAZN,,97d663cba59ddd8aca032267169019b544dcb8f7,,,
DAZN 2,DAZN,,12ea555d431dbe51fc8e4ca745aec09fe22a4865,,,
DAZN 2,DAZN,,43004e955731cd3afcc34d24e5178d4b427bff37,,,
DAZN 2,DAZN,,8b081c8afbd9beafc8c5fbf0115eb36eadb07a35,,,
DAZN 2,DAZN,,a929eeec1268d69d1556a2e3ace793b2577d8810,,,
DAZN 2,DAZN,,ae68a0835039fab28fd2314108fabd4fab33b8ab,,,
DAZN 2,DAZN,,b0eabe0fdd02fdd165896236765a9b753a2ff516,,,
DAZN 2,DAZN,,ca923c9873fd206a41c1e83ff8fc40e3cf323c9a,,,
DAZN 2,DAZN,,fb2dd566824658eeab27aae19a01c09430f1a97d,,,
DAZN 2 BAR,DAZN,,2f9211669499f413dab1a490198afab2a9b4b57c,,,
DAZN 3,DAZN,,19cd05c7ae26f22737ae5728b571ca36abd8a2e8,,,
DAZN 3,DAZN,,3785f04aa15a5e6ef1484f0bea7f4664f2c1a4ea,,,
DAZN 3,DAZN,,4e401fdceebffdf1f09aef954844d09f6c62f460,,,
DAZN 3,DAZN,,8a86cd6152154a25ad4b76523160552a40313b28,,,
DAZN 3,DAZN,,d1d9ec2361a6ac8edc0b2841866383768cc28df9,,,
DAZN 3,DAZN,,d641cd0fca0f467b3130754a091e2f4d22e68eb1,,,
DAZN 4,DAZN,,4e83f23945ab3e43982045f88ec31daaa4683102,,,
DAZN 4,DAZN,,75306ac6ffbe33b08c5c28487674f75f012c7f50,,,
DAZN 4,DAZN,,7e27e46c25d4308d16098d9dc67fcd8736e8c1f0,,,
DAZN 4,DAZN,,7e90956539f4e1318a63f3960e4f75c7c7c5a3b8,,,
DAZN 4,DAZN,,c015d37d1ead8155b1e7b97e743a1fe9850f0af5,,,
DAZN 4,DAZN,,eb884f77ce8815cf1028c4d85e8b092c27ea1693,,,
DAZN EVENTOS 1,DAZN,,176f0b8565a161f87c81a4a250463e3eaf678fb5,,,
DAZN EVENTOS 2,DAZN,,8bdeb6055da0be3bd1e1977dbf3640408f7d0267,,,
DAZN EVENTOS 3,DAZN,,4b048bcfaed7daec454e88f0e29b56756300447d,,,
DAZN F1,DAZN,,1a63d886860e2b770590dcd64a4dd472eabb841d,,,
DAZN F1,DAZN,,36394be1db2e20b5997d987c32fd38c7f0f194b7,,,
DAZN F1,DAZN,,38e9ae1ee0c96d7c6187c9c4cc60ffccb565bdf7,,,
DAZN F1,DAZN,,3f5b7e2f883fe4b4b973e198d147a513d5c7c32a,,,
DAZN F1,DAZN,,4bc6f4cb6697c1defc981c0afe1a4c3a62284aee,,,
DAZN F1,DAZN,,515efd8115482bda8d92aa6df9a882a5e5797494,,,
DAZN F1,DAZN,,6422e8bc34282871634c81947be093c04ad1bb29,,,
DAZN F1,DAZN,,82b4f249788f93b8f9ce968803662d7cd4f1b8cc,,,
DAZN F1,DAZN,,8c1155cdfae76eb582290c04904c98da066657c9,,,
DAZN F1,DAZN,,b08e158ea3f5c72084f5ff8e3c30ca2e4d1ff6d1,,,
DAZN F1,DAZN,,b5f3cc5cd66c98bae9d65df43ecee6c02d18aebd,,,
DAZN F1,DAZN,,ba6e1bdc8e03da60ff572557645eb04370af0cd0,,,
DAZN F1,DAZN,,bcf9dc38f92e90a71b87bd54b3bac91b76d09a69,,,
DAZN F1,DAZN,,c8ad94585fbe13cfc9074c2b5e23fb6344e0f66d,,,
DAZN F1,DAZN,,c9c18ae7a9dafba1caae5beb22060f9c92bba553,,,
DAZN F1,DAZN,,d5cf2dfa4fb4165ce58bf9db815088c28fec7711,,,
DAZN F1,DAZN,,d65257bb934b73647374224fd62d836815804be2,,,
DAZN F1,DAZN,,ed6188dcbb491efeb2092c1a6199226c27f61727,,,
DAZN F1,DAZN,,f3b85a5fdd61f23b2c008e0d207786f438088fd6,,,
DAZN F1,DAZN,,fd53cfa7055fe458d4f5c0ff59a06cd43723be55,,,
DAZN F1,DAZN,,d6281d4e6310269b416180442a470d23a4a99dc9,,,
DAZN F1,DAZN,,2c6e4c897661e6b0257bfe931b66d20b2ec763b6,,,
DAZN F1,DAZN,,71eef80158aa8b37f3dc59f6793c6696df9a2dfa,,,
DAZN F1,DAZN,,268289e7a3c5209960b53b4d43c8c65fab294b85,,,
DAZN LaLiga,DAZN,,0e50439e68aa2435b38f0563bb2f2e98f32ff4b1,,,
DAZN LaLiga,DAZN,,1bb5bf76fb2018d6db9aaa29b1467ecdfabe2884,,,
DAZN LaLiga,DAZN,,4e6d9cf7d177366045d33cd8311d8b1d7f4bed1f,,,
DAZN LaLiga,DAZN,,520950d296c952e1864a08e15af9f89f1ab514ec,,,
DAZN LaLiga,DAZN,,74defb8f4ed3a917fd07c21b34f43c17107ec618,,,
DAZN LaLiga,DAZN,,99171f30c83bf7ab5df28b39607c91334cc60e4b,,,
DAZN LaLiga,DAZN,,d1596a3988b84a4d2711fd380eb8a53256ad74ae,,,
DAZN LaLiga,DAZN,,dda5d2cace9bc4cb0918e62bc50d657d4a10496a,,,
DAZN LaLiga,DAZN,,e2b8a4aba2f4ea3dd68992fcdb65c9e62d910b05,,,
DAZN LaLiga,DAZN,,f8d5e39a49b9da0215bbd3d9efb8fb3d06b76892,,,
DAZN LaLiga,DAZN,,110d441ddc9713a7452588770d2bc85504672f47,,,
DAZN LaLiga,DAZN,,ec29289b0b14756e686c03a501bae1efa05be70c,,,
DAZN LaLiga,DAZN,,6de4794cd02f88f14354b5996823413a59a1de0f,,,
DAZN LaLiga,DAZN,,8c8c1e047a1c5ed213ba74722a5345dc55c3c0eb,,,
DAZN LaLiga 2,DAZN,,5091ea94b75ba4b50b078b4102a3d0e158ef59c3,,,
DAZN LaLiga 2,DAZN,,635b61c1f240449163260cd914d10d886a54fee3,,,
DAZN LaLiga 2,DAZN,,a231b2fa1f7754433efeb8bb8d69d7b9096dcba8,,,
DAZN LaLiga 2,DAZN,,c976c7b37964322752db562b4ad65515509c8d36,,,
DAZN LaLiga 2,DAZN,,97ba38d47680954be40e48bd8f43e17222fefecb,,,
DAZN LaLiga 2,DAZN,,51dbbfb42f8091e4ea7a2186b566a40e780953d9,,,
DAZN PVV,DAZN,,0f86119f233fd64fe85cc0b4a9059590d06d242a,,,
DAZN PVV,DAZN,,34944c86bad01c3963ef113c28c033858085adb7,,,
DECASA,TVE,,155d742120310a0ca80b0c8833d94979aa7f0b08,,,
Diema Sport 1,Diema Sport,,75ca8b97d36a9e086c2ed8145e33c00496fb6002,0,,
Diema Sport 2,Diema Sport,,62d2c4663aef06df2907e7373b9542e645fe23c5,0,,
Diema Sport 3,Diema Sport,,cc7fd7d3bed2c345abdf14e0c64e9b6618c0450f,0,,
DIGI Sport 1,TVE,,3005a16671e5a9c5b7f7c7ef24973c77267c8d03,,,
DIGI Sport 1,TVE,,83671b11f6dc071feb5769f6646cfc439c18989d,,,
DIGI Sport 2,TVE,,4d96d3cac0691714bf60e97832a7ea1fd632d412,,,
DIGI Sport 3,TVE,,257be6b709b3c62e171f5ca9dbdf7428dfc97040,,,
DISCOVERY CHANNEL,Otras TV,,670519ffe8db1e20d0c753d4f756c009e71173d8,,,
Drive,Motor,ru,2893ea38cf923c7efcfaf3eead798dd73b2cf2d0,0,h264 720x576 25.000fps,SD
Dubai Sports 2,Dubai Sports,,9aac97a46d0010c9afc615d4dd2ccdd7b92b552d,0,h264 1920x1080 25.000fps,FHD
Dubai Sports 2,Dubai Sports,ar,ebfb7c61b14f06ecafb80ba4cc170b0f47665b17,0,h264 1920x1080 25.000fps,FHD
Dubai Sports 3,Dubai Sports,,0addcc896d5c6749ff262674f1d5c9b5f9e7be4b,0,h264 1920x1080 25.000fps,FHD
Dubai Sports 3,Dubai Sports,ar,34a717795ab68429e61a2c4ef8b59ddcb458e4b1,0,h264 1920x1080 25.000fps,FHD
Dubai Sports 3,Dubai Sports,,510f090464920044bc55df110316796a85466771,0,h264 1920x1080 25.000fps,FHD
Dubai Sports 3,Dubai Sports,,e9ecd529d5ad21d6ab9e7ba2179dfd6abfa40db0,0,h264 1920x1080 25.000fps,FHD
Dubai Sports 3,Dubai Sports,,ec75e4c6cecf1e60a7c2d00accdf637744892cb1,0,h264 1920x1080 25.000fps,FHD
Eleven Sports 1,Eleven Sports,po,14407b00d454cb7dc0d70aa26e8bbc554f457f00,0,h264 1920x1080 50.000fps,FHD
Eleven Sports 1,Eleven Sports,fr,36cad67fed5a739757a9db844a551aa845a8d51b,0,h264 1920x1080 50.000fps,FHD
Eleven Sports 1,Eleven Sports,po,7ac2d74ef6df9d15012992d7e0e635a95f58c652,0,hevc 3840x2160 50.000fps,UHD
Eleven Sports 2,Eleven Sports,po,54a4a28882d3cae1ca19de5d4b022ebea40351f9,0,h264 1920x1080 50.000fps,FHD
Eleven Sports 2,Eleven Sports,fr,d08013df6e437a1fdf1e0c34f573fdf6a40c7fce,0,h264 1920x1080 50.000fps,FHD
Eleven Sports 3,Eleven Sports,po,b146ee4b6e16c9df58e27bd02ffd6cea840ff212,0,h264 1920x1080 25.000fps,FHD
Eleven Sports 3,Eleven Sports,fr,dae7d1251f069516cc0a9c8f15f6639d2a17df1e,0,h264 1920x1080 50.000fps,FHD
Eleven Sports 4,Eleven Sports,fr,0f32c0131a2d9444996410801f4e18b04384db98,0,h264 1920x1080 50.000fps,FHD
Eleven Sports 4,Eleven Sports,po,458a0ddd7d193f6d2750cd14d03a47f47a808e09,0,h264 1920x1080 25.000fps,FHD
Eleven Sports 5,Eleven Sports,fr,4dbe63b44fc4f439f5b634c0d2aa7e0cccad808a,0,h264 1920x1080 50.000fps,FHD
Eleven Sports 6,Eleven Sports,fr,50b6d2b5fd59fefb9f4fd2176994d418f2b94a80,0,h264 1920x1080 50.000fps,FHD
Equestrian World,Otras TV,ru,96951e5de62a3e7095a1ed8a191817c8935e7017,0,h264 1920x1080 25.000fps,FHD
Equestrian World,Otras TV,ru,e0a01345b470405597b3b919cf8396bd8380f8d4,0,,
ESPN 1,ESPN,en,4b4907de51ec11087d4bed5876f2a0c68264f442,0,h264 1280x720 59.940fps,HD
ESPN 1,ESPN,nl,79f10c6c6168e42bfc606f3f7b9e5f3ca79dedab,0,h264 1920x1080 50.000fps,FHD
ESPN 2,ESPN,fr,3e0ba6867173f345d482d80c771f1a5dc3b37e63,0,h264 1920x1080 50.000fps,FHD
ESPN 2,ESPN,en,664eb5fe460b96941aed633959a845b185cd8394,0,h264 1280x720 59.940fps,HD
ESPN 2 Uruguay,ESPN,,e40b29774fdfd953751a71f5695f647726623b9d,,,
ESPN 3,ESPN,,a97cafedefe189d63e52eadc5c9bbc351b01540a,,,
ESPN 3 Argentina,ESPN,,b9fdac2069dae003e7a2ea94bc3a069b28fb7e1e,,,
ESPN 3 Colombia,ESPN,,b97f5975dbd067655432512d4693b417bc85a714,,,
ESPN 4,ESPN,fr,5f9b19c57195cc28ab81e0ec8cad03b55118687a,0,h264 1920x1080 25.000fps,FHD
ESPN Argentina,ESPN,,2492f8aa7cd7c4800e7b22c4ecba05e34c18be00,,,
ESPN ARGENTINA,ESPN,,4bf4431b4815f07c1b3749f5a10f905ba566cd47,,,
ESPN ARGENTINA 2,ESPN,,ab7f9cc29ad09ee9575fed758ab317c818fdc491,,,
ESPN ARGENTINA 3,ESPN,,d872a44653bf2ad232d5f8476597754b69e3d56c,,,
ESPN ARGENTINA 4,ESPN,,216d20acdaf01a196eda71c81a7a7d5bcbe5ed58,,,
ESPN DEPORTES,ESPN,,3ce776c6eac31081239903cd45c152b27f95af63,,,
ESPN Extra Colombia,ESPN,,9c3feb380cd9bcf9dcb7a9454ca8eb7962201612,,,
ESPN LAT DEPORT MEX,ESPN,,ab9bf0a75f1135137e65c0bc7639cb7f8ae28af8,,,
ESPORT 3,Otras TV,,181fcc443b953d54b00a1bf6320ccbb097e85d64,,,
ESPORT 3,Otras TV,,4c0e50c9cc4971479feb12cc46ab1f5dbce8b132,,,
ESPORT 3,Otras TV,,ca20f93ea5d9c15744e48a21b52598b9fce87425,,,
ESSPN MX,Otras TV,,648b6c7d1b1800b6d224f22e26694f4d59ad217d,,,
ESSPN MX 3,Otras TV,,fbc9b6650b886ba0b25c0b9468b625aa6d4a2042,,,
ESSPN MX 4,Otras TV,,93953cc10405f53e1d4ea2c30f1aad25e28a59f0,,,
ETB 1,TVE,,41679abdfe49e40bffef40b81abe24cf65512752,,,
ETB 2,TVE,,621f7215bb1f5593aa118e8540a1bb3aac11ffe4,,,
ETB1,Otras TV,,fb5156912c35d5013442ffdedc11d2679fc5a520,0,h264 1280x720 25.000fps,HD
Euro1 Deportes,Otras TV,,32ae78f7f26e931fef9af6b0c36a1379935ed800,0,h264 960x540 30.000fps,SD
EuroSport,EuroSport,,0ac6524dd3c35ae5fc76e0cfa4faeed4d6ef6df4,,,
EuroSport,EuroSport,,5e4cd48c79f991fcbee2de8b9d30c4b16de3b952,0,,
EUROSPORT,EuroSport,,bae98f69fbf867550b4f73b4eb176dae84d7f909,,,
Eurosport,EuroSport,,c3da6c4f91d9d10ade00318a869435e19f204d0e,,,
Eurosport,EuroSport,,d830c1dc3b74e74f79cbb823804cf2037857e78a,,,
Eurosport 1,EuroSport,sp,16ffa1713f42aa27317ee039a2bd0cdbc89a1580,0,h264 1920x1080 25.000fps,FHD
Eurosport 1,EuroSport,ru,1b0bc4d4dcd609d3c092712e721392b199f50a62,0,h264 1920x1080 25.000fps,FHD
Eurosport 1,EuroSport,po,314eb626864faf52e01624361bd6906b5406127f,0,h264 1920x1080 50.000fps,FHD
Eurosport 1,EuroSport,,547ab7146a86d6119c9332c011669544720124e3,0,,
Eurosport 1,EuroSport,,714e14e6d6e27660fd25a75b57b0ac5580fe705d,,,
Eurosport 1,EuroSport,de,b8cad4710b1c3b2b84a82c1ece40c08517b8f766,0,h264 1920x1080 25.000fps,FHD
Eurosport 1,EuroSport,,c1a81775e13929f3f6e70fd16aeec6140ce4b7f1,0,h264 1920x1080 25.000fps,FHD
Eurosport 1,EuroSport,,ca4dc049598c2146d594f652f22951dac5716a7c,0,h264 1920x1080 25.000fps,FHD
Eurosport 1,EuroSport,,d761fe748f3c42f9cd27ed96cbcc77e371895c18,0,h264 1920x1080 25.000fps,FHD
Eurosport 1,EuroSport,,ef2abf419586d9876370be127ad592dbb41b126a,,,
EuroSport 2,EuroSport,,0358f9db953e5fde91c34d7ed4bc368939b49853,,,
Eurosport 2,EuroSport,,0585e09bb8ac9720e4c11934f1b184e309291551,,,
Eurosport 2,EuroSport,,2773b39926d15dd3d9495d94c4050604792d7031,,,
Eurosport 2,EuroSport,,37d6f1aabcde81ee6e4873b4db6b7bb8964af8bf,,,
Eurosport 2,EuroSport,,5c910d614894635153a7d42de98cc2e4a958a53f,,,
Eurosport 2,EuroSport,ru,6176281b9c46a5621a0e88524f8dc621f173b8e0,0,h264 1920x1080 25.000fps,FHD
Eurosport 2,EuroSport,po,7aa9cc819c6fa781dea6b4de3aa5393258b766d8,0,h264 1920x1080 50.000fps,FHD
EuroSport 2,EuroSport,,8e9390c1647da151a7bc0e1b37c4b4d21d83049d,,,
Eurosport 2,EuroSport,sp,98784fa0714190de289f42eb5b84e405df7e685a,0,h264 1920x1080 25.000fps,FHD
Eurosport 2,EuroSport,de,ac675c82d6dfd4a201532c18b42e48dacb7c32c6,0,h264 1920x1080 50.000fps,FHD
Eurosport 2,EuroSport,,dc4ccb9e72550bc72be9360aa7d77e337ad11ecc,,,
Eurosport360 1,EuroSport,de,22df9a5fae8cae52fec925c2bb44b74f96a4200c,0,h264 1920x1080 25.000fps,FHD
Eurosport360 2,EuroSport,de,57f95543ac41656d473b1a27123fc413388a728c,0,h264 1920x1080 25.000fps,FHD
Eurosport360 3,EuroSport,de,7adbca42657ace1fe228142d351d0896974bbe0c,0,h264 1920x1080 25.000fps,FHD
Eurosport360 4,EuroSport,de,1b6b6c0ddc0534236b3bae78f41d2bc27cd11f64,0,h264 1920x1080 25.000fps,FHD
Eurosport360 5,EuroSport,de,148921c4dda96df445e253d6f26c4d092bf85809,0,h264 1920x1080 25.000fps,FHD
Eurosport360 6,EuroSport,de,005ac522315699bd93bbf743329eb2f3c347dc3f,0,h264 1920x1080 25.000fps,FHD
Eurosport360 7,EuroSport,de,b18657f64507cc859cd7edef1aef90feb053e791,0,h264 1920x1080 25.000fps,FHD
Eurosport360 8,EuroSport,de,8f4f572005ca2557743474087aa622693ba9b5fe,0,h264 1920x1080 25.000fps,FHD
Eurosport360 9,EuroSport,de,7993cecc31917793e2bfa2fe98faa9fe1ab62d47,0,h264 1920x1080 25.000fps,FHD
Extreme Sports 1,Otras TV,,fc29afec151a8097ba65241acf3e0da791850e6c,,,
Extreme Sports 2,Otras TV,,56239e8c8257170861da94a32a86d59c716a7071,,,
Extreme Sports 3,Otras TV,po,73ff07648e367efebd94636047b07625f664a082,0,h264 1920x1080 50.000fps,FHD
Fast Sports,Motor,,ef21beeb62a9e431ef5f4acb83b4687c8d90e8b0,0,h264 1920x1080 25.000fps,FHD
Fast&Funbox,Motor,ru,c811cde690d467a2e45d3c263c4f0960a3933d18,0,h264 1920x1080 25.000fps,FHD
FightBox,Lucha/Boxeo,ru,49b734a5a3365674480089264be00ae28fabb640,0,h264 1920x1080 25.000fps,FHD
FightBox,Lucha/Boxeo,po,d9e5e213121f3ea7fbcb216b48c306cd935b017a,0,h264 1920x1080 50.000fps,FHD
Fightklub,Lucha/Boxeo,po,b73da828421018c98905ed05934b77ea35aa1b29,0,h264 1920x1080 50.000fps,FHD
Football,Otras TV,ru,91dbefa490386529fe80b6a444e08746a735b427,0,,
Football,Otras TV,ru,92f8939c7bff6bcb7e6da39379bb3d7a6a76693f,0,h264 1920x1080 25.000fps,FHD
Football,Otras TV,ru,fce354f24fe26ca527e2c38b14eb7b0c81f756dd,0,h264 1920x1080 25.000fps,FHD
FOX DEPORTES AR,Fox Sports,,f2f318919c0035b8979153599a90597671eeefc3,,,
FOX PREMIUM UFC,Fox Sports,,ade70f2c51cca519a4d8de1bb181af6e8532e1e1,,,
FOX SPORT MX,Fox Sports,,a0464d3642e054f6122e7c309017d1e8d23f4da9,,,
Fox Sports 1,Fox Sports,en,c9c062941fbecb16ce29437f346ea7177d720898,0,h264 1280x720 59.940fps,HD
Fox Sports 1,Fox Sports,,f981462d62513f9d37a402a69aa0e4940b7dfc1c,0,,
Fox Sports 2,Fox Sports,,54487fee0ffef68b101de33982d8fded214c79f0,0,,
Fox Sports 2,Fox Sports,,ad6f4e8e329d6a97c7e7d7b0b8e5d04d8dd0bb48,0,h264 1280x720 29.970fps,HD
Fox Sports 2,Fox Sports,en,cba8d369eac629b577750edb90370cd1c5fb03b7,0,h264 1280x720 59.940fps,HD
Fox Sports 2 ARG,Fox Sports,,0b48cd93de3c714e36961a93805798307a5608ac,,,
Fox Sports 2 COL,Fox Sports,,3bdf355aeaac39d20e368ebb2ed72b9f71bf9090,,,
Fox Sports 2 COL,Fox Sports,,90d101676ec61e02e7f77b489f0981e9dd815eda,,,
Fox Sports Premium,Fox Sports,,6994af284ecab2996f9b140ef44b8da8bfee0006,0,h264 1920x1080 29.970fps,FHD
GOL PLAY,TVE,,6ca8e5cb0d48f99f3e4bbd0d34eb4d26c13a6175,,,
GOL PLAY,TVE,,73094658f0a3ed523c0e188de67a7a690c0d4f93,,,
GOL PLAY,TVE,,9fb99c40a2c45d5c5342b30626eb56140f980612,,,
GOL PLAY,TVE,,b2d560741c006fc5e4a42412bb52dbd25a6a4a3a,,,
GOL PLAY,TVE,,d4627f7b6b237a8556819445b3283d866caceca2,,,
Golf Channel,Otras TV,,6561c4780818de5a50303850a791c706e3a3bb08,0,h264 720x576 25.000fps,SD
Golf Channel,Otras TV,,d4acffe8f08b7728d3b489ab5ca37398a5636689,,,
Hockey,Otras TV,ru,99f0646986e9266836dd79047dedecb04e243857,0,h264 1920x1080 25.000fps,FHD
HYPERMOTION,Otras TV,,70f22be1286ef224b5e4e9451d9a42468152cda4,,,
HYPERMOTION,Otras TV,,8ee52f6208e33706171856f99d2ed2dabd317f3a,,,
HYPERMOTION 2,Otras TV,,8a05571c0c8fe53f160fb7d116cdf97243679e86,,,
KHL,Otras TV,ru,aa6c193b9de1e6b6277e3075299fdeea925e2dc0,0,h264 1920x1080 25.000fps,FHD
KHL,Otras TV,ru,dcda9de85f7d662c5c3c2efd74eca0fb5c6aab3b,0,h264 1920x1080 25.000fps,FHD
La 1,TVE,,6a54f8fb00406c88f68ac3f3aabc7d084f9573d0,,,
La 1,TVE,,7597d4feb3195079ffa606cf23a183d626ee40ba,,,
La 1,TVE,,b55d1a3d7a5121af685668d5f5e7baeb3ebab70e,,,
La 1,TVE,sp,b897de3e62d7c6bee9ef1107d972f3d1075e03ff,0,h264 1280x720 25.000fps,HD
La 1,TVE,sp,d7bb054b103a1f51b44518dcb80ef23370133d40,0,h264 1280x720 25.000fps,HD
La 1,TVE,,dad5e0e0825cb3e410008f1c4252387b868e740c,,,
La 2,TVE,,9934906503661142f97a044ae1509a294057c2ed,,,
La 2,TVE,,e4414e69ccd4cd97f8662e69736c4027e9182e72,,,
LA SEXTA,TVE,,1c6486082949172d1ffd318db8fb965dd5af7e31,,,
LA SEXTA,TVE,,44828a7580cd99fcb36245c327889c47f34b457f,,,
LaLiga HyperMotion,Otras TV,,762b4a6ed2e70441b0374a64f25d8d6571b9fd1f,,,
LaLiga HyperMotion 3 ,Otras TV,,778d2f60bb7207addedcca0b9aed98f41529724e,,,
LaLiga Smartbank,Otras TV,,b2706a7ffbea236a3b398139a3a606ada664c0eb,,,
LaLiga Smartbank,Otras TV,,121f719ebb94193c6086ef92865cf9b197750980,,,
LaLiga Smartbank,Otras TV,,87bb542f974b6b9e89d0f2e20ed6dc93426f4be0,,,
LaLiga Smartbank,Otras TV,,a4f072c9b614323ac1258a175f868a909ea3c8cd,,,
LaLiga Smartbank 2,Otras TV,,0cfdfde1b70623b8c210b0f7301be2a87456481d,,,
LaLiga Smartbank 2,Otras TV,,0a335406bad0b658aeddb2d38f8c0614b2e5623a,,,
LaLiga Smartbank 2,Otras TV,,709075831bf5c41ed0a20dfbd640aab6c28971f8,,,
LaLiga Smartbank 3,Otras TV,,fefd45ed6ff415e05f1341b7d9da2988eacd13ea,,,
LaLiga TV Bar,LaLiga TV Bar,sp,608b0faf7d3d25f6fe5dba13d5e4b4142949990e,0,h264 1920x1080 50.000fps,FHD
LaLiga TV Bar,LaLiga TV Bar,sp,94d34491106e00394835c8cb68aa94481339b53f,0,h264 1920x1080 50.000fps,FHD
LIGA ENDESA,Otras TV,,fe28a08985bb5410ee6da29eb728651f2e83db75,,,
M-1 Global,Lucha/Boxeo,ru,2fa5c9503f5a4ce55b41d9153ed096afbc31e4f1,0,,
M-1 Global,Lucha/Boxeo,ru,3fc677886985d705c9ac6b10bb86449e0dabebdc,0,h264 1980x1920 25.000fps,FHD
M-1 Global,Lucha/Boxeo,ru,a7e4499c869037073c97deb47a50d1e7090b1c04,0,h264 1920x1080 25.000fps,FHD
M-1 Global,Lucha/Boxeo,ru,f4987c5f5ac96ef23b7d4b04c12db4a39bbab63b,0,,
M+ ACCION,M+ Vamos,,089673779de9fa7a18ac8dc26eb4a79cf5a86f96,,,
M+ ACCION,M+ Vamos,,102bcb79ca391e37ac1fc9ee77dc53440d0a59ce,,,
M+ ACCION,M+ Vamos,,93b2f5ede5cf2fa0cdb50419258c4f651aabfc42,,,
M+ CINE ESPAÑOL,M+ Vamos,,168ad4a958aa6daa26adeee9700ed0312618bd07,,,
M+ CINE ESPAÑOL,M+ Vamos,,e4bce95dd4faeb9cb09ade36a0636bc4b22b691c,,,
M+ CLASICOS,M+ Vamos,,095134586cd06e1488139842f1183b50b75f5fd1,,,
M+ CLASICOS,M+ Vamos,,6462c8f65fcaa6e4fc874fef8d1e45bb7a7e6bae,,,
M+ CLASICOS,M+ Vamos,,cf6ffdfa3c51268c0bd216da6b275fb866160c0c,,,
M+ COMEDIA,M+ Vamos,,124aa6d58fd72a763ed0349c874551bd2504798f,,,
M+ COMEDIA,M+ Vamos,,cf0cb321eed6765c2eadbd9983570f6674ce5df6,,,
M+ COPA DEL REY 1,M+ Vamos,,f785c45f32379c3b0e332c20bbd05a7fb311e8d1,,,
M+ Deportes,M+ Deportes,,2f3cfd199a49819cbd129689a840dc3d23ab93aa,,,
M+ Deportes,M+ Deportes,,3692ea4cdda97eb0062ed5d656ebd61f149ebd0b,,,
M+ Deportes,M+ Deportes,sp,3a74d9869b13e763476800740c6625e715a39879,0,h264 1280x720 25.000fps,HD
M+ Deportes,M+ Deportes,sp,55d4602cb22b0d8a33c10c2c2f42dae64a9e8895,0,h264 1920x1080 25.000fps,FHD
M+ Deportes,M+ Deportes,,5d3f582738467aaf213e408601aca5cc13fa9359,,,
M+ Deportes,M+ Deportes,sp,77d83a79afcf6c865289cd8cdb42223cd4b6501c,0,h264 1280x720 25.000fps,HD
M+ Deportes,M+ Deportes,sp,acb510858f34c3c6fd5f79395b031abd6885c2b3,0,h264 1920x1080 25.000fps,FHD
M+ Deportes,M+ Deportes,sp,d00223931b1854163e24c5c22475015d7d45c112,0,h264 1920x1080 25.000fps,FHD
M+ Deportes,M+ Deportes,,ebca4a63ce3bfda7b272964a1acc5227218184a4,,,
M+ Deportes,M+ Deportes,,ef9dcc4eaac36a0f608b52a31f8ab237859e071a,,,
M+ Deportes,M+ Deportes,,f828a32d8ea03a3cabd3ce3ebecb249ec111c7e5,,,
M+ Deportes 2,M+ Deportes,,3afe1af18f8ff78e9946856911b00c67477052b5,,,
M+ Deportes 2,M+ Deportes,sp,639c561dd57fa3fc91fde715caeb696c5efb7ce7,0,h264 1920x1080 25.000fps,FHD
M+ Deportes 2,M+ Deportes,,6e212a916c83638268047dd2757c95b14f7d25a3,,,
M+ Deportes 2,M+ Deportes,,73d38feaa770d788848ec098470e32670fe55a61,,,
M+ Deportes 2,M+ Deportes,,bfa01c11c5c6b7a616a516de4f2c769a89d26b25,,,
M+ Deportes 2,M+ Deportes,,edd06f11e1cef292a1d795e15207ef2f580e298c,,,
M+ Deportes 2,M+ Deportes,,f0ee7a2b43c1df5ea9e4fac5bf876d5bef4372b0,,,
M+ Deportes 3,M+ Deportes,,29d786d72d4b53dbc333af3a50f8fb021aa0296f,,,
M+ Deportes 3,M+ Deportes,,2fd410c5d89e7a627cd3785685b7915b8e4bd534,,,
M+ Deportes 3,M+ Deportes,,39fefdecfc953dcf6e7c589739bf486c2e605ed0,,,
M+ Deportes 3,M+ Deportes,sp,571bff4d12b1791eb99dbf20bec38e630693a6a3,0,h264 1920x1080 25.000fps,FHD
M+ Deportes 3,M+ Deportes,,753d4b1f7c4ef43238b5cf23b05572b550a44eee,,,
M+ Deportes 3,M+ Deportes,,799c6b5ee1cf41af077d14e3f9c45a32697eb903,,,
M+ Deportes 4,M+ Deportes,,37825883ed185365e3194a79207347f6c7bd5ba5,,,
M+ Deportes 4,M+ Deportes,,3f97bafa133b10cfe5c62311e11501326d886a53,,,
M+ Deportes 4,M+ Deportes,,58a4c880ab18486d914751db32a12760e74b75a4,,,
M+ Deportes 4,M+ Deportes,,8b5f9d967384afab226dd759e6e9dfaee9993869,,,
M+ Deportes 4,M+ Deportes,,b40e1de2dcbd7c665f54877b14c830ed67b32a96,,,
M+ Deportes 4,M+ Deportes,sp,b4d1308a61e4caf8c06ac3d6ce89d165c015c2fb,0,h264 1920x1080 25.000fps,FHD
M+ Deportes 5,M+ Deportes,,3230cdca852a10325222e3c546e499e31d547a90,,,
M+ Deportes 5,M+ Deportes,,5913205fb6d6d162a50222709aab6129eb7cf916,,,
M+ Deportes 5,M+ Deportes,,6dc4ac4eeae18e9daec433b01db82435cf84c57c,,,
M+ Deportes 5,M+ Deportes,,7b361369a40046ad3011086f9d4ae2982fb4d5aa,,,
M+ Deportes 5,M+ Deportes,sp,fcc0fd75bf1dba40b108fcf0d3514e0e549bfbac,0,h264 1920x1080 25.000fps,FHD
M+ Deportes 6,M+ Deportes,,8f982a0d6e3196c12d0034142b65008321150f7c,,,
M+ Deportes 6,M+ Deportes,sp,cc5782d37ae6b6e0bab396dd64074982d0879046,0,h264 1920x1080 25.000fps,FHD
M+ Deportes 7,M+ Deportes,sp,070f82d6443a52962d6a2ed9954c979b29404932,0,h264 1920x1080 25.000fps,FHD
M+ DOCUMENTALES,M+ Vamos,,59d7f6da13c21652b1240578fe57dec0cc1529e6,,,
M+ DOCUMENTALES,M+ Vamos,,b3fc9b5647c5933b101c0b6b64322590c68587b9,,,
M+ DRAMA,M+ Vamos,,a6de6a4977d7801bbddc9c7739d822f4beb358ae,,,
M+ DRAMA,M+ Vamos,,aff9d7e45c4fc0f97ec8ec2b6d80cd3feb87c983,,,
M+ ELLAS,M+ Vamos,,594b59d435527327c9b6965f247995b907bfc285,,,
M+ ELLAS,M+ Vamos,,9b84af74b2fa3690c519199326fc2f181b025cdd,,,
M+ ESTRENOS,M+ Vamos,,192f2ac5b372dfddef694e48edd2d56e308b51e7,,,
M+ ESTRENOS,M+ Vamos,,5d35f906b735f25164fa2b9b7a4e6ef91dfed131,,,
M+ ESTRENOS,M+ Vamos,,b71478c824f787a6a696139db0d053de6fdd1d38,,,
M+ FESTIVAL DE SAN SEBASTIAN,M+ Vamos,,cf99e99c105162410ec6d1f68cc6f4811560fee7,,,
M+ GOLF,M+ Vamos,,8546cff89e4ee8bf3ad31cf6457c3bc2c4341031,,,
M+ GOLF,M+ Vamos,sp,872608e734992db636eb79426802cd08f4029afb,0,h264 1920x1080 25.000fps,FHD
M+ GOLF,M+ Vamos,,9be118a64eb603b5eb62be6cf27631d3891b5174,,,
M+ GOLF,M+ Vamos,,9ed46050217ee6ed8236a64b72d7992f7b3b37f2,,,
M+ GOLF,M+ Vamos,sp,f41f1096862767289620be5bd85727f946a434db,0,h264 1920x1080 25.000fps,FHD
M+ GOLF 1,M+ Vamos,,0f5550c9842eac2c295bece78968f77d84159b48,,,
M+ GOLF 2,M+ Vamos,,96e82321c731e41768a806992ee4d3b9b7a0e7d7,,,
M+ GOLF 2,M+ Vamos,sp,e258e75e0e802afa5fcc53d46b47d8801a254ad5,0,h264 1920x1080 25.000fps,FHD
M+ HITS,M+ Vamos,,28b9b7ba12c0f5c7e097f4b07a547f6eda9a0695,,,
M+ HITS,M+ Vamos,,50553edb5e8c54d15e0d43161369b3b4cef95065,,,
M+ INDIE,M+ Vamos,,4f35f115971f0b156baabb8efa9926b1eb8ba5af,,,
M+ INDIE,M+ Vamos,,7716c9fd5bd4413715e4e26f97efb91802f6ee80,,,
M+ LaLiga,M+ LaLiga,,00c9bc9c5d7d87680a5a6bed349edfa775a89947,,,
M+ LaLiga,M+ LaLiga,,107c3ce5a5d2527c9f06e4eab87477201791f231,,,
M+ LaLiga,M+ LaLiga,,14b6cd8769cd485f2cffdca64be9698d9bfeac58,,,
M+ LaLiga,M+ LaLiga,sp,1bc437bce57b4b0450f6d1f8d818b7e97000745e,0,h264 1280x720 50.000fps,HD
M+ LaLiga,M+ LaLiga,,31c19ffb3472c289c5bbbbc174449c8ed0d19e38,,,
M+ LaLiga,M+ LaLiga,,4b528d10eaad747ddf52251206177573ee3e9f74,,,
M+ LaLiga,M+ LaLiga,sp,6d05b31e5e8fdae312fbd57897363a7b10ddb163,0,h264 1920x1080 50.000fps,FHD
M+ LaLiga,M+ LaLiga,sp,7d8c87e057be98f00f22e23b23fbf08999e4b02f,0,h264 1920x1080 25.000fps,FHD
M+ LaLiga,M+ LaLiga,,c9321006921967d6258df6945f1d598a5c0cbf1e,,,
M+ LaLiga,M+ LaLiga,sp,cc9b7f5fe416069a2110da0909b0f915043c468b,0,h264 1920x1080 50.000fps,FHD
M+ LaLiga,M+ LaLiga,sp,d15a0eaf825b5f8f94259d5209688a7e97e6acde,0,h264 1920x1080 50.000fps,FHD
M+ LaLiga,M+ LaLiga,,d2ddf9802ccfdc456f872eea4d24596880a638a0,,,
M+ LaLiga,M+ LaLiga,sp,d3de78aebe544611a2347f54d5796bd87f16c92d,0,h264 1920x1080 50.000fps,FHD
M+ LaLiga,M+ LaLiga,sp,dce1579e3a2e5bd29071fca8eae364f1eb3205cf,0,hevc 3840x2160 50.000fps,UHD
M+ LaLiga,M+ LaLiga,sp,f031f5728b32f6089dda28edebe990cf198108d8,0,h264 1280x720 50.000fps,HD
M+ LaLiga 2,M+ LaLiga,sp,26029f72a4ca831d09deefe89534818db1d105bc,0,h264 1280x720 25.000fps,HD
M+ LaLiga 2,M+ LaLiga,,51b363b1c4d42724e05240ad068ad219df8042ec,,,
M+ LaLiga 2,M+ LaLiga,sp,83c6c4942d69f4aa324aa746c5d7dbfd7d1572b3,0,h264 1920x1080 25.000fps,FHD
M+ LaLiga 2,M+ LaLiga,,911ad127726234b97658498a8b790fdd7516541d,,,
M+ LaLiga 2,M+ LaLiga,,ad42faa399df66dcd62a1cbc9d1c99ed4512d3b8,,,
M+ LaLiga 2,M+ LaLiga,,b8eb9c9868d487402569bba2d97a8af113d033fe,,,
M+ LaLiga 2,M+ LaLiga,sp,f31a586422c9244196c810c84b6c85da350318a5,0,,
M+ LaLiga 3,M+ LaLiga,,382b14499e3d76e557d449d2e5bbc4e4bd63bd39,,,
M+ LaLiga 3,M+ LaLiga,,571ce113b9d600a145766443d7417eccab2e1846,,,
M+ LaLiga 3,M+ LaLiga,,7ad14386deef2f45ffe17d30a631dbf79b6a1a87,,,
M+ LaLiga 3,M+ LaLiga,sp,835639b89db00cc0d94660da3c10b6e38bfbcdc1,0,,
M+ LaLiga 3,M+ LaLiga,sp,ebe14f1edeb49f2253e3b355a8beeadc9b4f0bc4,0,h264 1920x1080 25.000fps,FHD
M+ LaLiga 4,M+ LaLiga,,1bcee22d5476f2eae9dc2cb24e3685152cf285cb,,,
M+ LaLiga 4,M+ LaLiga,,22178d72e0f255dedd7e56f9474fea879289a6f1,,,
M+ LaLiga 4,M+ LaLiga,,2a6b1fd8a24b23747db1ea534a51457708523602,,,
M+ LaLiga 4,M+ LaLiga,sp,68697ea4f261289d97bbc3418ad3cbc4180aa32f,0,h264 1920x1080 25.000fps,FHD
M+ Liga de Campeones,M+ Liga de Campeones,,0a26e20f39845e928411e09a124374fccb6e1478,,,
M+ Liga de Campeones,M+ Liga de Campeones,sp,0f0850a62ecdc4f79eec221cbebad01f3e0242bc,0,h264 1920x1080 25.000fps,FHD
M+ Liga de Campeones,M+ Liga de Campeones,,0f7842f8b6c26571e5a974407b61623e56e6a052,,,
M+ Liga de Campeones,M+ Liga de Campeones,,678a1e93fbfbd499c329886bfdda780e73ac1786,,,
M+ Liga de Campeones,M+ Liga de Campeones,sp,775abd8697715c48a357906d40734ccd2a10513c,0,h264 1920x1080 25.000fps,FHD
M+ Liga de Campeones,M+ Liga de Campeones,sp,8edb264520569b2280c5e86b2dc734e120032903,0,h264 1280x720 25.000fps,HD
M+ Liga de Campeones,M+ Liga de Campeones,,97df5b7824948972d041d8ca2a4d29c90b641bc9,,,
M+ Liga de Campeones,M+ Liga de Campeones,,afbf1ef8812e7b0a0977fa3a0a2d3a6d3cbd6c6f,,,
M+ Liga de Campeones,M+ Liga de Campeones,sp,bb5a8bf7752e978460ee1710e5e8950a5c9e1f99,0,h264 1920x1080 25.000fps,FHD
M+ Liga de Campeones,M+ Liga de Campeones,,c16b4fab1f724c94cad92081cbb7fc7c6fe8a2cc,,,
M+ Liga de Campeones,M+ Liga de Campeones,sp,e2e2aca792aae5da19995ac516b1d620531bd49c,0,,
M+ Liga de Campeones,M+ Liga de Campeones,sp,e572a5178ff72eed7d1d751a18b4b3419699f370,0,h264 1920x1080 25.000fps,FHD
M+ Liga de Campeones,M+ Liga de Campeones,,f3eea003e23f94dc2d527306de9dd386e3ebf4ba,,,
M+ Liga de Campeones 1,M+ Liga de Campeones,,2b51710cee513e8939785fa3e7980f32d4e0415f,,,
M+ Liga de Campeones 1,M+ Liga de Campeones,,6a6bcf5aa7c9481a74222b89244697b4078d9fda,,,
M+ Liga de Campeones 1,M+ Liga de Campeones,,778f08cbae9596ed9e8b2ae0af33ee7a6fe24c6a,,,
M+ Liga de Campeones 1,M+ Liga de Campeones,,9db029dff6a9c637d1f670e78dbc1a479b9b406e,,,
M+ Liga de Campeones 1,M+ Liga de Campeones,,a3197f5fa9d42f199d5bbe5a5c47ec4cfbf248cb,,,
M+ Liga de Campeones 1,M+ Liga de Campeones,,afbf2a479c5a5072698139f0f556ef3e77a99bd0,,,
M+ Liga de Campeones 1,M+ Liga de Campeones,,b028202ff335911db3118bceac027df3e8ef6c32,,,
M+ Liga de Campeones 1,M+ Liga de Campeones,,e84ee527e76e12507449b6c92bbeb6b8f01664a2,,,
M+ Liga de Campeones 10,M+ Liga de Campeones,sp,c056f9e180cd7d40963129a17ff54f4ee8259353,0,h264 1920x1080 25.000fps,FHD
M+ Liga de Campeones 11,M+ Liga de Campeones,sp,a12a16f74cf12799d4475ae867dc61eb60e1ba2e,0,h264 1280x720 25.000fps,HD
M+ Liga de Campeones 12,M+ Liga de Campeones,sp,df7d145fcaf0566db4098d2f10236185d92bc9fd,0,h264 1280x720 25.000fps,HD
M+ Liga de Campeones 13,M+ Liga de Campeones,sp,bdfe9ebe62d690c1b13eef4346d72e618cfbe804,0,h264 1024x576 25.000fps,SD
M+ Liga de Campeones 2,M+ Liga de Campeones,,338b5de78b0b40a6f9ca3cc0cf9be93341b9ceea,,,
M+ Liga de Campeones 2,M+ Liga de Campeones,,38f7b2044e549df2039ff26cefa6f9a60c854d5e,,,
M+ Liga de Campeones 2,M+ Liga de Campeones,,498c56bd00f535e440c392de5af992421a31355c,,,
M+ Liga de Campeones 2,M+ Liga de Campeones,,4b18a3b32df5960ed950fa907f8d509b1ad2a188,,,
M+ Liga de Campeones 2,M+ Liga de Campeones,,4fc6d0331830ad8743abab2fe2473b63bdfbc49f,,,
M+ Liga de Campeones 2,M+ Liga de Campeones,,74ab4e4ec7e2da001f473ca40893b7307b8029c5,,,
M+ Liga de Campeones 2,M+ Liga de Campeones,sp,abdf9058786a48623d0de51a3adb414ae10b6e72,0,h264 1280x720 30.000fps,HD
M+ Liga de Campeones 2,M+ Liga de Campeones,sp,c070cdb701fc46bb79d17568d99fc64620443d63,0,h264 1920x1080 50.000fps,FHD
M+ Liga de Campeones 2,M+ Liga de Campeones,,c6a3673f6a37b1bd3cf31fdd6404dd33d48cfccb,,,
M+ Liga de Campeones 2,M+ Liga de Campeones,,e7d8cae7f693fe46e89bbf74820caac9ffb32a30,,,
M+ Liga de Campeones 2,M+ Liga de Campeones,,ea03cc51980996ba6f2da49e30eee1de8a66ae54,,,
M+ Liga de Campeones 2,M+ Liga de Campeones,,f00b018faa7d17cc2fb27f34f567a69ca0d1081f,,,
M+ Liga de Campeones 2,M+ Liga de Campeones,sp,fc2fe31b0bce25e2dc7ab4d262bf645e2be5a393,0,h264 1920x1080 25.000fps,FHD
M+ Liga de Campeones 3,M+ Liga de Campeones,sp,0b348cc1ae499e810729661878764a0fab88ab69,0,h264 1280x720 25.000fps,HD
M+ Liga de Campeones 3,M+ Liga de Campeones,,17b8bc4bf8e29547b0071c742e3d7da3bcbc484d,,,
M+ Liga de Campeones 3,M+ Liga de Campeones,,1dece791d28be6a5af78537ac4864ec01fa0a6d8,,,
M+ Liga de Campeones 3,M+ Liga de Campeones,,2b5129adc57d43790634d796fe3468b9fd061259,,,
M+ Liga de Campeones 3,M+ Liga de Campeones,sp,3618edda333dad5374ac2c801f5f14483934b97d,0,h264 1920x1080 50.000fps,FHD
M+ Liga de Campeones 3,M+ Liga de Campeones,,4416843c96b7f7a1bc55c476091a60fff0922bc7,,,
M+ Liga de Campeones 3,M+ Liga de Campeones,,90f7941c6bf7ca4b18084a1dca7bc15b9b179373,,,
M+ Liga de Campeones 3,M+ Liga de Campeones,,a9d68301596739a6659873bed3f55802cf744ce8,,,
M+ Liga de Campeones 3,M+ Liga de Campeones,,cfc371890bfb502737a26de5215e50929c52d0f9,,,
M+ Liga de Campeones 4,M+ Liga de Campeones,,53cd86466d1faed03a607be92af601f7e8da128f,,,
M+ Liga de Campeones 4,M+ Liga de Campeones,sp,65a18a6bd83918a9586b673fec12405aaf4e9f7d,0,h264 1280x720 25.000fps,HD
M+ Liga de Campeones 4,M+ Liga de Campeones,,6fbab1d8d6bf93c4bc7552714aa3bb54ebf7b661,,,
M+ Liga de Campeones 4,M+ Liga de Campeones,,77998f8161373611ff6b348e7eda5b4e97d3ec29,,,
M+ Liga de Campeones 4,M+ Liga de Campeones,,e9f4493d2d851f4636720f639113e05b4a21a74c,,,
M+ Liga de Campeones 5,M+ Liga de Campeones,sp,11744c25a594e17d587ed0871fe40ff21b4bd1e0,0,h264 1920x1080 25.000fps,FHD
M+ Liga de Campeones 5,M+ Liga de Campeones,,5620c0ce3dcbf14a6375cb2c2d681207f45eb97d,,,
M+ Liga de Campeones 5,M+ Liga de Campeones,,cb6410a6355a645cfc6f6f5a7c7d71298fcbc2c5,,,
M+ Liga de Campeones 6,M+ Liga de Campeones,,976983697790ab8a07b764b08843529d38bc6444,,,
M+ Liga de Campeones 6,M+ Liga de Campeones,sp,fdda1f0dd8c33fbdc5a66ab98e291f570cae67cd,0,h264 1024x576 25.000fps,SD
M+ Liga de Campeones 7,M+ Liga de Campeones,,83c02982581a536d1321e38a77dc0c520b1cb842,,,
M+ Liga de Campeones 7,M+ Liga de Campeones,sp,b7f47db93dced60f54e8f89e2366ed061b534049,0,h264 1024x576 25.000fps,SD
M+ Liga de Campeones 8,M+ Liga de Campeones,,97f8a84212fe6b3d2ab15aadc83c7b5e6af656c9,,,
M+ Liga de Campeones 8,M+ Liga de Campeones,sp,d298c6e5c8be71f5995b45289c6388b225318b3c,0,h264 1920x1080 25.000fps,FHD
M+ Liga de Campeones 9,M+ Liga de Campeones,sp,2d7c4cfb3987b652a779afc894cca2fccbbacf21,0,h264 1024x576 25.000fps,SD
M+ Liga de Campeones 9,M+ Liga de Campeones,,80abcb38122c25fefb4dffeb57086998447ff49b,,,
M+ NATIONAL GEOGRAPHIC,M+ Vamos,,55230a7a3cc4e8dfd3cecbfb2d68266aa4e5dfff,,,
M+ NATIONAL GEOGRAPHIC WILD,M+ Vamos,,51d0b5249e229a07ecc52286f56a67c3d9df6d00,,,
M+ ORIGINALES,M+ Vamos,,096b817fcc836535f608facb15fca6408fae3162,,,
M+ ORIGINALES,M+ Vamos,,60fcd59471ac4268e6cd6448f068a2b518841c88,,,
M+ PESCA Y CAZA,M+ Vamos,,6f28b1b9eb9f4047a6179b300e65b03c8316e10f,,,
M+ ROMANCE,M+ Vamos,,4bfeb0516c44c4f0e3502e3f1ca1035d39ddf9c2,,,
M+ SERIES,M+ Vamos,,2752dee68a7faa9c847216dc22a6821661db891a,,,
M+ SuperCopa,M+ SuperCopa,sp,b51f2d9a15b6956a44385b6be531bcabeb099d9d,0,h264 25.000fps,
M+ SuperCopa,M+ SuperCopa,sp,f6beccbc4eea4bc0cda43b3e8ac14790a98b61b4,0,h264 1920x1080 25.000fps,FHD
M+ VACACIONES,M+ Vamos,,a0f71ac4897b2ccdf0114b5b3b7877902376a343,,,
M+ Vamos,M+ Vamos,,0e5d8c9724fa9163f49096b70484e315251eb785,,,
M+ Vamos,M+ Vamos,sp,12ba546d229bc39f01c3c18988a034b215fe6adb,0,h264 1280x720 25.000fps,HD
M+ Vamos,M+ Vamos,,2940120bf034db79a7f5849846ccea0255172eae,,,
M+ Vamos,M+ Vamos,,3b2a8b41e7097c16b0468b42d7de0320886fa933,,,
M+ Vamos,M+ Vamos,,4e99e755aa32c4bc043a4bb1cd1de35f9bd94dde,,,
M+ Vamos,M+ Vamos,,57313e1ef438538df4feb5a6028dc78ee4f66b6a,,,
M+ Vamos,M+ Vamos,,651d6be899d1fafa107a265a9dc00ff914c1b548,,,
M+ Vamos,M+ Vamos,sp,859bb6295b8d0f224224d3063d9db7cdeca03122,0,h264 1920x1080 50.000fps,FHD
M+ Vamos,M+ Vamos,,c7c81acdd1a03ecc418c94c2f28e2adb0556c40b,,,
M+ Vamos,M+ Vamos,,cd783ac5f4d902ec6a4f261a4849633df69c951f,,,
M+ Vamos,M+ Vamos,sp,d03c13b6723f66155d7a0df3692a3b073fe630f2,0,h264 1280x720 25.000fps,HD
M+ Vamos #Ellas,M+ Vamos,sp,d8c2ed470e847154a88f011137cc206319f6bed5,0,h264 1920x1080 25.000fps,FHD
M+ WESTERN,M+ Vamos,,860dd021db341dbd02979eb8ea650d3f9d846765,,,
Magenta Sport 1,Magenta Sport,de,501141c649a2b78c4965cbf3257224181cc55072,0,h264 1920x1080 50.000fps,FHD
Magenta Sport 10,Magenta Sport,de,6058a4c0f2569bd81c687aa7dfb48b8a9569fb29,0,h264 1920x1080 50.000fps,FHD
Magenta Sport 11,Magenta Sport,de,c21316ad4b7f44eaf6fcfb2c245c46de8b746cc6,0,h264 1920x1080 50.000fps,FHD
Magenta Sport 2,Magenta Sport,de,ab0d54995bdcea2d8f9f588ef631ebbfb3f5a9ab,0,h264 1920x1080 50.000fps,FHD
Magenta Sport 3,Magenta Sport,de,d0ca51f6145514ee605c2ef5d5a137e2a08c95b8,0,h264 1920x1080 50.000fps,FHD
Magenta Sport 4,Magenta Sport,de,1fb794b1503c5955b75ea0106ee6360b80d78849,0,h264 1920x1080 50.000fps,FHD
Magenta Sport 5,Magenta Sport,de,428b92f3c71cd3cbf66ef6193808b39d16a52730,0,h264 1920x1080 50.000fps,FHD
Magenta Sport 6,Magenta Sport,de,14317c55fadc80ef2b7fb42b3d53e8ccb3b52cd8,0,h264 1920x1080 50.000fps,FHD
Magenta Sport 7,Magenta Sport,de,ac839cda9709255c21a98af455731f037e77a9e4,0,h264 1920x1080 50.000fps,FHD
Magenta Sport 8,Magenta Sport,de,11c5823d4196a90b509f03df1fe78e13cfbbb175,0,h264 1920x1080 50.000fps,FHD
Magenta Sport 9,Magenta Sport,de,86495fe134ff065d5217497babe6be33f81d37d1,0,h264 1920x1080 50.000fps,FHD
Match!,Match!,ru,2bb81a951f3daa6d0cafad118c289e7640d8c935,0,,
Match!,Match!,ru,562127ee63e28751d62766d29d9f07073a10425e,0,h264 1980x1920 25.000fps,FHD
Match!,Match!,ru,a203f6b935a8ad8659c4c76c1d9c13afa6368ef2,0,h264 1920x1080 25.000fps,FHD
Match! Arena,Match!,ru,a1d67cb505881b2b5bc58ce2af367e5e6d26cab5,0,h264 1920x1080 50.000fps,FHD
Match! Country,Match!,ru,ef9c77bd94783448b8edb552109f5f15b2bd82d1,0,h264 1920x1080 25.000fps,FHD
Match! Fighter,Match!,ru,822654b2c0db24d1de149cb21fdd44a3b968fbfa,0,h264 1920x1080 50.000fps,FHD
Match! Football,Match!,ru,016d48fb89bb9505ab3f883db1bfb3a7c0a3eccc,0,h264 1920x1080 50.000fps,FHD
Match! Football,Match!,ru,350b2044f1c9e87e18d8fbda1bcc456c22cf9296,0,h264 1920x1080,FHD
Match! Football,Match!,ru,4fb7d7f128d371205a6bce4caf4a3d68664728cf,0,h264 1280x720 50.000fps,HD
Match! Football,Match!,ru,78637dab85e7948057165ad0c80b3db475dd9c3d,0,h264 1280x720 50.000fps,HD
Match! Football,Match!,ru,8442b5c7c99e5af57c2c40c1e28153072968988a,0,h264 1920x1080 50.000fps,FHD
Match! Football,Match!,ru,94adcdc5a9de993dd11c6d648275cfeb2be6715b,0,h264 1280x720 50.000fps,HD
Match! Football,Match!,ru,aca05dc506242324c1727525d0535ceda24f8dea,0,h264 1920x1080 50.000fps,FHD
Match! Football,Match!,ru,b49b412148acd9b64a20eaa5e92b597a9ae9ff85,0,h264 1280x720 50.000fps,HD
Match! Football,Match!,ru,bc99becb2a74f8f455d6dbaa3bd85c6c7e938a6c,0,h264 1920x1080 50.000fps,FHD
Match! Football,Match!,ru,c5a9507c288ec1c7e723f8123b75e566ead562c3,0,h264 1280x720 50.000fps,HD
Match! Football,Match!,ru,e38b33c56332de27ff25df223cdf488b1ec6051f,0,h264 1920x1080 50.000fps,FHD
Match! Football,Match!,ru,e7aa45b8df0cd3a160c7f3e085f1343b00115964,0,h264 1280x720 50.000fps,HD
Match! Football,Match!,ru,ff880dec641878de1d17b5cf756bb6bf922cad6a,0,,
Match! Football 1,Match!,ru,b28db77c5084da7993395d77df96c30bb134f0a9,0,h264 1920x1080 50.000fps,FHD
Match! Football 2,Match!,ru,ffbf8c687c788d9a1a7c651e24802ee773ff3f04,0,h264 1920x1080 50.000fps,FHD
Match! Football 3,Match!,ru,b6baa046075d82da300fc1b16de96067a8b9540e,0,h264 1920x1080 50.000fps,FHD
Match! Game,Match!,ru,762e1d11f7d07029f316c6f61b8ef73289c6673c,0,h264 1920x1080 50.000fps,FHD
MATCH! Nash Sport,Match!,,7b4362cb04a3df40bdfa3800af0cc78309a60771,,,
Match! Planet,Match!,ru,106c8656fca0ca91a696110467788d202d7111af,0,h264 720x576 25.000fps,SD
Match! Premier,Match!,ru,4b7c5f21b435d79c823e47572655a9c157a3ba12,0,h264 1920x1080 50.000fps,FHD
MIXED TV,Otras TV,,eb25ebc41fc51710b098f860b33b3229d11921b3,,,
MIXED TV 2,Otras TV,,aa6faf8d1fca70d1e79ca0a6647ac15fcecea2f6,,,
Motors TV,Motor,,442aeb6643b8836f9d00361c9e48eeb0841ddf98,0,h264 1920x1080 25.000fps,FHD
Motorvision TV,Motor,,4cfe1df9d74eaebadd3958167ad48b69e668a03c,0,h264 1280x720 25.000fps,HD
Motorvision TV,Motor,de,acd7e3ae185a376e6596e60a414bebbf3321b37f,0,h264 720x576 25.000fps,SD
Motowizja,Motor,,8ef4e74336a0114d6def70de9d15cc4817d2f350,,,
Movistar Plus+,M+ Vamos,,199190e3f28c1de0be34bccf0d3568dc65209b99,,,
Movistar Plus+,M+ Vamos,,1ab443f5b4beb6d586f19e8b25b9f9646cf2ab78,,,
Movistar Plus+,M+ Vamos,,1d8791bd1972f6159813c2a21d1b649cca79b193,,,
Movistar Plus+,M+ Vamos,,5866e83279307bf919068ae7a0d250e4e424e464,,,
Movistar Plus+,M+ Vamos,,8c67cdb5ba81976662c3a67984a9545d9cfb0f70,,,
Movistar Plus+,M+ Vamos,,a340c77b773a4a78a6c9aa25245a02698e05ac1a,,,
Movistar Plus+,M+ Vamos,,b6ffbbc72a5b6b579faf79ebac229af7a25b933b,,,
Movistar Plus+,M+ Vamos,sp,56ac8e227d526e722624675ccdd91b0cc850582f,0,h264 1920x1080 50.000fps,FHD
Movistar Plus+ 2,M+ Vamos,,e19c1fc5e3ada56c60d45257f7f4ed0d14bf7003,,,
Movistar Plus+ 2,M+ Vamos,,fbc39d8a9e5d7c9ac6a1438d440104620f54e09c,,,
Movistar Plus+ VI,M+ Vamos,,5d9a26e0a5f3e5f2ae027bd05635ab9a4fd4b51a,,,
Movistar Plus+ VI,M+ Vamos,,5e24a1b9187fccb91553f7c7da4b36341386f74a,,,
MUNDO TORO,TVE,,f763ab71f6f646e6c993f37e237be97baf2143ef,,,
NBA TV,Otras TV,,b0f64a40f333ef5cc02c2b6d4a8c3f4b73dd8073,,,
NBA TV,Otras TV,en,e72d03fb9694164317260f684470be9ab781ed95,0,h264 1920x1080,FHD
NBA USA 1,Otras TV,,39db49bc89dcc3c8797566231f869dca57f1a47e,,,
NBA USA 2,Otras TV,,f1c84ec8ea0c0bfff8a24272b66c64354a522110,,,
NFL RED ZONE,Otras TV,,21be4fe2052fc66456b4f233428bb40a681bf863,,,
NFL USA,Otras TV,,5a71a114fdf460fc90f88b959f83625b964a5d62,,,
Nova Sport 2,Nova Sport,,66885064fd0ce81cfd52a1cdcf479aee7aaa95cb,0,h264 1920x1080 25.000fps,FHD
Ocko,Ocko,ru,b60c3101ec148027c19fff63efb0b0a4c8cedae0,0,h264 960x540 25.000fps,SD
Ocko,Ocko,ru,da7c89b9867d934bc07f7d8c6c3dcd96e16b7728,0,h264 960x540 25.000fps,SD
Ocko Star,Ocko,ru,7625ce28a937a16d43a5e424b7545f28a05e5eb5,0,h264 960x540 25.000fps,SD
ONE TORO,Otras TV,,1fd3dbb7d39de875ac70059d70c8768d4a2e43c0,,,
ONEGOLF,Otras TV,,60e1595db53c6af5339b50ad21d957ad9a44a311,0,h264 1280x720 50.000fps,HD
ONETORO,TVE,,877eceeaf9f3bd9b392359323d03d0ac3bb27312,,,
ONETORO,TVE,,cd0188292b6b3876ff66c99bd3d25eab88b41079,,,
OPEN TV,Otras TV,gr,59df9074716d2787ab893106a39cf68bc9590ec2,0,h264 1024x576 25.000fps,SD
ORF 1,Otras TV,,c9d6412050226de0968cea19a383b50dc1966363,,,
ORF 2,Otras TV,,f5d3ea421c4c067b5c90161a8ae4d93482fb9edd,,,
ORF 3,Otras TV,,41ac7892b8fde95d5110d83d7324044145c7f86a,,,
ORF SPORT+,Otras TV,de,0dfa37340ca0300a41f7a78bd3a0f024c3296974,0,h264 1280x720 50.000fps,HD
Polsat Sport,Polsat Sport,po,92b6ba09dae4bbb8a67a405125d08ca8d15380ee,0,h264 1920x1080 50.000fps,FHD
Polsat Sport Extra,Polsat Sport,po,ef2cf11fc83f4f15a33c9a514a7afd2bce73122f,0,h264 1920x1080 50.000fps,FHD
Polsat Sport Fight,Polsat Sport,po,9e7fe279f421b734a8af9e68320955fd16f80b4b,0,h264 1920x1080 50.000fps,FHD
Polsat Sport Premium 1,Polsat Sport,po,4ce55db7e578ff52a6e526cf610e477464b8a99f,0,h264 1920x1080 50.000fps,FHD
Polsat Sport Premium 2,Polsat Sport,po,3147c586346aee00c005d1caa55204d38678c95f,0,h264 1920x1080 25.000fps,FHD
Premier Sports 1,Premier Sports,en,75a56863b6fe0407ad4305b4d7ee5643c3923565,0,h264 1920x1080 50.000fps,FHD
Premier Sports 2,Premier Sports,en,4903ca695edb64bc72ae29eb85a5333ba0139537,0,h264 1920x1080 50.000fps,FHD
PRIMERA FEDERACIÓN,Otras TV,,599a2fda91aa55703e2c5a51562d9dbf5d3d31d9,,,
PRIMERA FEDERACIÓN,Otras TV,,a2ed6f2ca3f804481131c41ce64d4286a5820476,,,
PRIMERA FEDERACIÓN,Otras TV,,b40212c43e96e97542ea00f2129212a054853a57,,,
ProSieben Maxx,Otras TV,de,40d73c46051360ce2ba7b329725440dc74d485f2,0,h264 1920x1080 50.000fps,FHD
RALLY TV,Motor,,651dd1e689a9a7d3b0695191dcf44b4d6e7541eb,,,
RALLY TV,Motor,,8e96e35afd910d1a056dc7bf25139b8e2849b2ea,,,
Real Madrid TV,Real Madrid TV,sp,0827cf7d290967985892965c6e61244a479d6dcd,0,h264 720x408 25.000fps,SD
Real Madrid TV,Real Madrid TV,sp,0ec3f3786318acd8dca2588f74c3759cda76cd11,0,h264 720x408 25.000fps,SD
Real Madrid TV,Real Madrid TV,sp,5877ce180e7545117ff8b58a36821973850c6bba,0,h264 1920x1080 29.970fps,FHD
REAL MADRID TV,TVE,,7a955964c91c66311eef9137a96332352dbb891e,,,
Real Madrid TV,Real Madrid TV,sp,8c03fbe8d4ae210cceae65c5aa12ac0b53793726,0,h264 1280x720 30.000fps,HD
REAL MADRID TV,Real Madrid TV,,d644f9276c8c204882ccc4e80cc26f7986830be8,,,
Redbull,Redbull,en,0410ceaa4391ec506ab4843230d5c25e37ac3df6,0,h264 960x540 30.000fps,SD
Redbull,Redbull,en,05f4b81a5b278b0afb2cf8486d01e4742768a278,0,h264 1920x1080 30.000fps,FHD
Redbull,Redbull,en,346b4ff65f6de9028c80cc1b883aac10be36e536,0,h264 960x540 30.000fps,SD
Redbull,Redbull,en,4384c03114340ee527b6c9ab123a5a01acab1a9c,0,h264 960x540 30.000fps,SD
Redbull,Redbull,en,514fbb26789b27f01018d82561fa65bb4dda6f97,0,h264 960x540 30.000fps,SD
Redbull,Redbull,en,54c800c8ef16e700060ce1a5f1541aba070519f6,0,h264 960x540 30.000fps,SD
Redbull,Redbull,en,5c2978ab5db3a67e6ecce175fa31c410cb24c4ed,0,h264 1920x1080 30.000fps,FHD
Redbull,Redbull,en,5c845cc0bf1524561ccf84cf0d9eb40b1fcb1d0e,0,h264 960x540 30.000fps,SD
Redbull,Redbull,en,62daab1c54565d0c5ba4e3c660f3a4a5c93adc8a,0,h264 1280x720 30.000fps,HD
Redbull,Redbull,en,647d19df70ee35100d0e95bc62ddebeebec1fabb,0,h264 1280x720 30.000fps,HD
Redbull,Redbull,en,a0270364634d9c49279ba61ae3d8467809fb7095,0,h264 1280x720 30.000fps,HD
Redbull,Redbull,en,a5e41e71773883c1375518bcb221c11943276fe2,0,h264 1920x1080 30.000fps,FHD
Redbull,Redbull,en,cc12e4be960b8879f461b7bcb37133774eeccfa2,0,h264 1920x1080 30.000fps,FHD
Redbull,Redbull,en,f1e1e9cce7297a749a5bb2e75c1520f9ce73a83b,0,h264 1920x1080 30.000fps,FHD
Redbull,Redbull,en,f84c515f96b1f94ec7ca63aec4a77ac8e0da5bbf,0,h264 1920x1080 30.000fps,FHD
Redbull,Redbull,en,fefd91766cef2af2bf4ded328633fb01051d6df9,0,h264 1280x720 30.000fps,HD
RTL HD,RTL+ SPORT,de,bc9610c2cb92a71a5c17f357d66719fa1c054ced,0,h264 1920x1080 25.000fps,FHD
RTL+ SPORT EVENT 1,RTL+ SPORT,de,a7319ebd54cb1db9a9db1574929ca8d305a323d3,0,h264 1920x1080 50.000fps,FHD
RTL+ SPORT EVENT 10,RTL+ SPORT,de,e6cce13cb4005ec3c7d77db47865385927a7ab7e,0,h264 1920x1080 50.000fps,FHD
RTL+ SPORT EVENT 2,RTL+ SPORT,de,e360a96fb4bbe1cb8a7862a6514c4c284eeec466,0,h264 1920x1080 50.000fps,FHD
RTL+ SPORT EVENT 3,RTL+ SPORT,de,8b3c5f9ec938c3d3950bc4c989428d266bd4bd5b,0,h264 1920x1080 50.000fps,FHD
RTL+ SPORT EVENT 4,RTL+ SPORT,de,784da1ced871f6d3f6bf25f29664bfd39f6130a6,0,h264 1920x1080 50.000fps,FHD
RTL+ SPORT EVENT 5,RTL+ SPORT,de,81284e9a279ee23cbc4a7400bd9531f127d20fe5,0,h264 1920x1080 50.000fps,FHD
RTL+ SPORT EVENT 6,RTL+ SPORT,de,c065ab169f75ced1d34fbcab6b84a5fa4ca73e30,0,h264 1920x1080 50.000fps,FHD
RTL+ SPORT EVENT 7,RTL+ SPORT,de,eec3f8107e008cec3679f76e078deeefd1348a3e,0,h264 1920x1080 25.000fps,FHD
RTL+ SPORT EVENT 8,RTL+ SPORT,de,ce4ae0c3491acd4272340029139ba25642e2516b,0,h264 1920x1080 50.000fps,FHD
RTL+ SPORT EVENT 9,RTL+ SPORT,de,32779a8a8cd7bfcb0d45ebe68f28457e4b3aeae4,0,h264 1920x1080 25.000fps,FHD
RTL+ SPORT EVENT 9,RTL+ SPORT,de,a435581e6cba56972e48cf4519d1b2af735eec2f,0,h264 1920x1080 50.000fps,FHD
RU: SPORT,RU: SPORT,ru,268a9f5854b97bdb4fc07923d05b12a299111de7,0,h264 1920x1080 25.000fps,FHD
RU: SPORT,RU: SPORT,ru,dcdbd53f3d4d3efe0155e9cb20b9ea43363cb563,0,h264 854x480 25.000fps,SD
Servus TV,Otras TV,,988f4d88d74ec0d2b3584f6c7e067fcbdb501115,,,
Setanta Sports,Setanta Sports,ua,0652d714ea4d4797793dc5075de75c948e7e083f,0,,
Setanta Sports,Setanta Sports,ua,f062d7451d902ffd7ab4b59af0daf0ca989ff71a,0,,
Setanta Sports 1,Setanta Sports,ru,42fe2ce3ef6b92653a74d85b6e98c2ba0abee707,0,h264 1920x1080 25.000fps,FHD
Setanta Sports 2,Setanta Sports,ua,85067c5068fa3d551789f54615d0cf3895d93e08,0,,
Setanta Sports 2,Setanta Sports,ru,f6d68cfa8694f814983f2a5757f4e0c4964b880c,0,h264 1920x1080 25.000fps,FHD
Setanta Sports 3,Setanta Sports,ua,75077fc56c4599068c8a50dc68119610284c3190,0,h264 1920x1080 50.000fps,FHD
Sky Sport Arena,Sky Sports,,b98fc0522f0442429f8c1f4216b2b06b593b33ae,,,
Sky Sport Calcio,Sky Sports,,d1b673e887b9fa8a40aba89272711e65d7e1c955,,,
Sky Sport F1,Sky Sports,,28710e9057927317c869b11d669c28a4d77a6ab3,,,
Sky Sport F1,Sky Sports,,3251c61c831ddeae6b7feeae704a3f6c5c975e02,,,
Sky Sport F1,Sky Sports,,55a762c1e48db88542771a476c65ffc309bd7262,,,
Sky Sport F1,Sky Sports,,db71c3bbdf37d6382a45ff59b85da3c5426ff982,,,
Sky Sport Golf,Sky Sports,,a5597a324630eb1b15cb48cf3d34238e732b04e2,,,
Sky Sport MotoGP,Sky Sports,,2ce58af4ffe0cf0e52980db8f2e73ad962d9d9b4,,,
Sky Sport NBA,Sky Sports,,ee197f7428f5d4cc88f5e2c936b2f0d38a88e6b5,,,
Sky Sport News,Sky Sports,,07cab7f4a1a4ecc0ed35bea52346f1b79b1016a8,,,
Sky Sport Tennis,Sky Sports,,89e380332cc52ae3b7774607fbf54813fb7f4dd7,,,
Sky Sport Uno,Sky Sports,,56de175b8323194667424e587414abb9fde5798a,,,
Sky Sport24,Sky Sports,,0286f071fee7bdf534c1602a371deb1f2b1b78e2,,,
Sky Sports 1,Sky Sports,de,7c12288663069a12aff58f3f62e8ea47ab78c65d,0,h264 1920x1080,FHD
Sky Sports 1,Sky Sports,de,88c50cf8bf78a18d89c9efb3805d5a12e04c31b9,0,h264 1920x1080 50.000fps,FHD
Sky Sports 2,Sky Sports,de,fc9f1f580da8f641a5991d44b399982a3a069f69,0,h264 1920x1080 50.000fps,FHD
Sky Sports Arena,Sky Sports,en,d317a003e8047da2c36a2a2bb2289578c9a3b79c,0,h264 1920x1080 50.000fps,FHD
Sky Sports Bundesliga 1,Sky Sports,de,38d8789a448dd0eaf99e0274b555974e4e8f3f3b,0,h264 1920x1080 50.000fps,FHD
Sky Sports Cricket,Sky Sports,,6d95e4b0893e155cc674b84e0763150c445d3ddd,0,h264 1920x1080 50.000fps,FHD
Sky Sports F1,Sky Sports,de,b04372b9543d763bd2dbd2a1842d9723fd080076,0,h264 1920x1080 50.000fps,FHD
Sky Sports Football,Sky Sports,,8dbe2d515e9131fa311353537736f8c94be9b26d,0,h264 1920x1080 50.000fps,FHD
Sky Sports Football,Sky Sports,,eab7aeef0218ce8b0752e596e4792b69eda4df5e,0,h264 1920x1080 50.000fps,FHD
Sky Sports News,Sky Sports,de,07cab7f4a1a4ecc0ed35bea52346f1b79b1016a8,0,h264 1920x1080 25.000fps,FHD
Sky Sports Premier League,Sky Sports,en,ec5eabe0144ccfffc337e1d6708e2afb81d0638e,0,h264 1920x1080 50.000fps,FHD
Sport 1 Baltic,Sport Klub,,2dacdd76f0ee765e7bacdc6687c375b68723e592,0,h264 1920x1080 25.000fps,FHD
Sport 1 Baltic,Sport Klub,,3e4ff574a14a232dd6ae370b36a0d21276be3b62,0,,
Sport 1 IL,Sport Klub,,ad723956cbe2f565cf5fa965665a47d8d4bbc4aa,0,,
Sport 2 Baltic,Sport Klub,,d9f167db346401107e8c57d4f99a79e60cc7dcea,0,,
Sport 3 IL,Sport Klub,,0724d20fea05ae104b76c9ea4e00e367235c329a,0,,
Sport 4 IL,Sport Klub,,0cc6a3d9cab21337f2e7e227608e535622e58186,0,,
Sport 5 Gold IL,Sport Klub,,0cd456d8a5b37778426ff6503677334e0abbe4f2,0,,
Sport 5 IL,Sport Klub,,503955701ee8f5d388998663ee85926bfe84feb3,0,,
Sport 5 Live IL,Sport Klub,,39c1d737ba83357998e1e2edb5ac7f937c7c693b,0,,
Sport Digital,Sport Klub,de,5e94200ae8b1d95cb559fb150e5993d92e15d4e7,0,h264 1920x1080 50.000fps,FHD
Sport Klub,Sport Klub,po,35575a31d76f6c5f5e9e6364dacfdeca3b85f2ee,0,h264 1920x1080 50.000fps,FHD
Sport Tv 1,Sport Klub,,ce235921dac95e1da2dd5e54673c2fecb9e806de,,,
Sport Tv 2,Sport Klub,,396d82ca6f5445abcd32e6b609d67e332ee12ace,,,
Sport Tv 3,Sport Klub,,f8cb9d9e3077eb3ae417b2d95a69c5f590760eb9,,,
SPORT1,SPORT1,de,1950633a3723cb52b17c764125decc04445bd5ff,0,h264 1280x1080 25.000fps,HD
SPORT1,SPORT1,de,638c168e9a98b0826ca3b5275a07ee1082c5c269,0,,
SPORT1+,SPORT1,de,e61b6538df35e5016635dfa2b3073f5b82ee4c2b,0,h264 1920x1080 25.000fps,FHD
SPORTDIGITAL FUSSBALL,Otras TV,,be8c5ddaa6e4e407e9e9a46f0d2a06f17ff631bd,0,,
Sports Grid,Otras TV,,208f217cd845cceeb7eaffaf91fdeba6343b662a,0,h264 1920x1080 30.000fps,FHD
Sporty,Otras TV,ru,9de986964590ddac7631ab22fcf8d48e375db140,0,,
Start,Start,ru,4b129146077c1e357e4ab341448b9fb629f939dc,0,h264 1920x1080 25.000fps,FHD
Start,Start,ru,825e7e0f80441819cfd29d87c3659e520c25b616,0,,
Start,Start,ru,9bc36a29862e841fe4af5d32c3100aa3f07a3172,0,,
SuperTennis,Tenis,it,b58dbf92765976b308695f62dea94b00b40730ee,0,h264 1440x1080 25.000fps,HD
Swerve Sports,Lucha/Boxeo,,0b2a556a9b3ddc555d5a8cdeeb20788d455e02ec,0,h264 1920x1080 29.970fps,FHD
SyFy,Otras TV,,8e1bbcb6a6b8b9bb0e1144454fda35531107cdb3,,,
TÃ¼rkmenistan Sport,Otras TV,tr,81f6194681ea3d4b61e8f6c456ca430bcfd908f1,0,h264 720x406 25.000fps,SD
TÃ¼rkmenistan Sport,Otras TV,tr,b0b7080c2fa738de5fd0238a422666622d1e7a22,0,h264 720x406 25.000fps,SD
TÃ¼rkmenistan Sport,Otras TV,tr,fbcc3253e42eaa1a569f789624fcd67a6861dc3a,0,h264 720x406 25.000fps,SD
Telecinco,TVE,,3d376333ee90d6db3d413fc5764ef635882076f5,,,
Telecinco,TVE,,3e7b1911a1f83fd869b6995650a3057778259ca7,,,
Telecinco,TVE,sp,47e6dd48dd7c9705d07b13139b80e44683fd5eb1,0,h264 1920x1080 25.000fps,FHD
Telecinco,TVE,,5133d1e8f45095f0b7dabbd78db0ce19a496f7bf,,,
Telecinco,TVE,sp,66a7e4727bccce8ccc04e54861b06b62d89452fa,0,h264 1920x1080 25.000fps,FHD
Telecinco,TVE,,6d2af61410d7fb6ed46fc7fe0c199951389bf75b,,,
Teledeporte,TVE,,138b30c93e8a780ac490a4f6d2181c41f3670230,,,
Teledeporte,TVE,,2d997da301573c5aba78f969d0d37eb6107941b2,,,
Teledeporte,TVE,sp,61b9b271c16f970aab43cb753c5f8be181dceece,0,h264 1920x1080 25.000fps,FHD
Teledeporte,TVE,,7d910d9480e023608d1fe77eaf47c2ed34592155,,,
Teledeporte,TVE,,bdc32e0f99653f96e0e1a3b98c88764b631ed9ef,,,
Teledeporte,TVE,sp,ce473aab8e9232071c777c6d778a476fab818955,0,h264 1280x720 25.000fps,HD
Teledeporte,TVE,,e2395d28ad19423212fd3aa0e81f387db3e8bb9f,,,
TIVIBU SPOR 1 TR,Otras TV,tr,d33093d67623093d00838c943933ef47c2f765ad,0,,
TNT SPORTS,TNT Sports,,5ccaf1da1ab3972502f2b35e581d7ab2f9b4965e,,,
TNT Sports 1,TNT Sports,en,06fd695a8353f40d6586db7c778a5862554c09d1,0,,
TNT Sports 1,TNT Sports,,ab2b69970c0629bf0fa30dd61b0072adb4ac4d9c,,,
TNT Sports 1,TNT Sports,en,efc60cfe5e3a349baa02bcc49f6647c21a9c3c5b,0,h264 1920x1080 25.000fps,FHD
TNT Sports 2,TNT Sports,en,927996b8192c7cc6bf768d52528c8e4198294328,0,,
TNT Sports 2,TNT Sports,en,d63d8a57cf471394bfa9f619bbd68b01ae27a801,0,h264 1920x1080 25.000fps,FHD
TNT Sports 3,TNT Sports,en,22fead867a8657cfb58cd84245e18954ab199db3,0,,
TNT Sports 3,TNT Sports,en,5f966c123759de46dff29c379266b7a403452033,0,h264 1920x1080 25.000fps,FHD
TNT Sports 4,TNT Sports,en,fc5089d8e1519872fdf951779ccbca913acc9bce,0,h264 1920x1080 25.000fps,FHD
TNT Sports 5,TNT Sports,,c300ecb07d854c1730b04ea022c3fb0a184d7801,,,
TNT Sports 6,TNT Sports,,e1d74c79ab7b3991b3ed40b199abd0e8eb0ae511,,,
TOROLE TV,TVE,,56457cde219abe22cdc3f6c2083a37b0324b3b0c,,,
Trace Sport,Otras TV,,f7ccf1c28a7a01dcc04fb1ef1c55170ad74b23f5,0,h264 1280x720 25.000fps,HD
Trace Sport Stars,Otras TV,,d17fe64f7e85f4cb7261a97f495117598fc0351f,0,,
Turkmenistan Sport,Otras TV,tr,7dc7f53608599ed959a53ebe39798cb400308f0c,0,h264 720x406 25.000fps,SD
Turkmenistan Sport,Otras TV,tr,c3f5acd35086090c5fc815b961006630248b7dc0,0,h264 720x406 25.000fps,SD
Turkmenistan Sport,Otras TV,tr,f4a2f4e3c9b1f4b88b1aa4065ce3052951beb713,0,h264 720x406 25.000fps,SD
TV TORUÅ,Otras TV,po,25cd93890d84463ec99994687c3e25256454be36,0,h264 1920x1080 25.000fps,FHD
TV3 Sport,Otras TV,,741902a91284c93269d831eb5a9be1b3015b9879,0,,
TV3 Sport 2,Otras TV,,b37906fc8bae88674c0325858d962be396934aa9,0,,
TVG EUROPA,TVE,,d48b299bbcd811cfd14159224bf5012a305021c1,,,
TVP Sport,Otras TV,po,d6f0a6377c31f68b1c1c071e0a8f9f105a455867,0,h264 1920x1080 25.000fps,FHD
UFC,Lucha/Boxeo,,162942adc047d0f78eac056effbe5bbec54a5e51,,,
UFC,Lucha/Boxeo,,600222a4f98df80a2c0df2d60cb5ff3df9620710,,,
UFC,Lucha/Boxeo,,7cf437be950f3525e735be57c63f7824cab822c9,,,
UFC,Lucha/Boxeo,ru,d2374e2375a4275738e0dbed2f47d0114ad1cb64,0,h264 1920x1080 25.000fps,FHD
UFC,Lucha/Boxeo,,d6cdd724a97fcf851e7ef641c28d6beb8663496e,,,
UFC,Lucha/Boxeo,,e454681a152a86da504e63694f17f90d0586867d,,,
UFC Fight Pass,Lucha/Boxeo,,108aebe20efc826e56f3a1cb01117a124a6b89ad,,,
UFC Fight Pass,Lucha/Boxeo,,96537527b2d5e858b2e6c863a00dec304254091d,,,
Viasat Sport,Otras TV,ru,c41c04996e389c1a7579d01a25c7b4634f390d44,0,,
Viasat Sport,Otras TV,ru,dec96c86080c26ddf667ea90adfb513a40007a0b,0,h264 1920x1080 25.000fps,FHD
ViP Sport Fint GA 1,Otras TV,,38ea10d691cbd9a4812e192a6c7a8dc17f3f75e0,0,,
ViP Sport Fint GA 2,Otras TV,,c5c77d77e6f9930a8a8e3be9febbc64c2f3e1c79,0,,
ViP Sport Fint GA 4,Otras TV,,941e77b24c012c3b4098d96643038ecadba18312,0,,
WIMBLEDON,Tenis,,78aa81aedb1e2b6a9ba178398148940857155f6a,,,
World of Basketball,Otras TV,ru,c4acde347445b0a07a9e8695b4254bee2b2df570,0,h264 1920x1080 25.000fps,FHD
XTRM,Otras TV,,d7d3830018cfd93c7430c19ba703a053680476a0,,,
ZDF,Otras TV,,c71fb593810ce837545e8d8b384e50a42c35a316,,,
Ziggo Sport,Ziggo Sport,nl,7f50e06f715720e944cce35fa90b6b7a8db04b2e,0,h264 1280x720 25.000fps,HD
Ziggo Sport,Ziggo Sport,nl,868a6187d6aeec65ded84bd777814c9f7b7a9027,0,h264 720x576 50.000fps,SD
Ziggo Sport,Ziggo Sport,nl,fcd7621df513f600652b4813d5d8fd1daed60058,0,h264 1920x1080 50.000fps,FHD
Ziggo Sport 4,Ziggo Sport,nl,36dfc36084b2138d3451c4700b462ac1094d693d,0,h264 1920x1080 25.000fps,FHD
Ziggo Sport 6,Ziggo Sport,nl,9231f38e71a85ad24b4c11a5e360992e30c916ed,0,h264 720x576 50.000fps,SD
